fno,food_name,ncsa,kcal,protein,province,carbohydrate
1,국밥,100,78,5,2,9
2,기장밥,100,131,3,0,29
3,김밥,100,165,6,5,24
4,덮밥,100,143,7,4,20
5,보리밥,100,138,3,1,31
6,볶음밥,100,158,5,5,23
7,비빔밥,100,112,4,2,19
8,삼각김밥,100,174,4,4,31
9,수수밥,100,130,2,0,28
10,알밥,100,126,7,5,13
11,영양돌솥밥,100,138,3,1,28
12,오므라이스,100,145,5,5,19
13,자장밥,100,135,4,5,20
14,잡곡밥,100,146,5,1,29
15,잡채밥,100,150,4,3,26
16,주먹밥,100,156,4,3,28
17,짬뽕밥,100,72,3,1,12
18,차조밥,100,129,2,0,28
19,찰밥,100,153,4,0,34
20,초밥,100,166,7,3,28
21,카레라이스,100,98,3,1,18
22,콩나물밥,100,114,4,1,22
23,콩밥,100,159,4,1,35
24,하이라이스,100,112,4,1,21
25,현미밥,100,133,2,0,29
26,회덮밥,100,141,8,4,19
27,가래떡,100,203,4,1,46
28,경단,100,278,5,2,59
29,꿀떡,100,228,4,2,49
30,모듬찰떡,100,218,7,2,42
31,백설기,100,228,4,1,50
32,송편,100,207,5,2,43
33,시루떡,100,229,6,2,48
34,약식,100,220,4,2,45
35,인절미,100,226,5,1,48
36,절편,100,195,6,2,39
37,증편,100,200,3,1,44
38,찹쌀떡,100,279,4,2,62
39,도넛,100,403,6,20,49
40,마늘빵,100,438,12,18,58
41,머핀,100,388,6,20,46
42,모닝빵,100,314,10,7,52
43,모카빵,100,339,9,8,58
44,베이글,100,272,9,4,50
45,샌드위치,100,241,9,11,26
46,소보로빵,100,381,8,14,56
47,식빵,100,291,9,7,47
48,초코소라빵,100,319,3,11,52
49,츄러스,100,361,7,11,58
50,카스텔라,100,327,7,11,50
51,케이크,100,340,6,19,38
52,크로와상,100,396,7,22,41
53,파이/만주,100,252,5,3,51
54,페이스트리,100,462,8,28,44
55,피자,100,253,11,10,30
56,피자빵,100,298,9,15,32
57,햄버거,100,254,12,13,23
58,호떡,100,301,6,7,53
59,간자장,100,140,5,4,21
60,국수,100,188,5,1,38
61,냉면,100,97,4,2,17
62,떡국,100,76,3,1,14
63,떡만두국,100,79,3,2,13
64,라면,100,113,2,3,18
65,만두,100,196,8,8,23
66,만두국,100,59,3,2,7
67,메밀국수,100,63,3,0,12
68,수제비,100,83,3,2,13
69,스파게티,100,179,5,9,20
70,우동,100,74,2,1,13
71,우동볶음,100,128,3,2,25
72,월남쌈,100,124,7,5,13
73,자장면,100,119,4,2,21
74,짬뽕,100,68,4,2,9
75,쫄면,100,140,4,1,29
76,칼국수,100,82,4,2,13
77,콩국수,100,91,4,4,10
78,닭죽,100,92,5,2,13
79,스프,100,172,3,7,25
80,오리죽,100,155,8,5,20
81,전복죽,100,79,2,4,10
82,채소죽,100,57,1,1,10
83,팥죽,100,81,3,0,17
84,호박죽,100,60,2,1,11
85,흑임자죽,100,61,1,5,4
86,갈비탕,100,61,5,3,2
87,감자국,100,25,1,0,4
88,곰탕,100,37,4,1,3
89,굴국,100,25,2,0,3
90,김치국,100,15,1,0,2
91,내장탕,100,71,6,5,2
92,냉국,100,22,0,0,4
93,달걀국,100,22,2,1,1
94,달걀탕,100,29,2,2,1
95,닭곰탕,100,51,6,2,3
96,도가니탕,100,40,8,0,1
97,된장국,100,19,2,1,2
98,무국,100,20,1,1,1
99,묵국,100,22,1,0,4
100,미역국,100,16,2,1,1
101,배추국,100,16,2,0,1
102,북어국,100,19,2,1,1
103,사골국,100,55,6,2,3
104,삼계탕,100,87,8,4,5
105,새우탕,100,45,4,0,6
106,설렁탕,100,34,3,1,3
107,순대국,100,77,4,3,9
108,어묵국,100,31,1,1,4
109,오징어국,100,22,3,0,1
110,육개장,100,33,3,1,2
111,장어탕,100,67,4,4,4
112,재첩국,100,23,1,0,5
113,조개국,100,23,3,1,1
114,콩나물국,100,15,1,1,1
115,토란국,100,16,1,0,3
116,해장국,100,36,4,1,2
117,갈치찌개,100,42,5,1,2
118,감자탕,100,64,5,3,4
119,김치전골,100,73,3,4,6
120,김치찌개,100,48,4,2,3
121,꽃게탕,100,21,2,0,2
122,낙지전골,100,58,5,1,7
123,동태국,100,17,2,0,1
124,동태찌개,100,35,5,1,2
125,돼지고기찌개,100,65,6,3,4
126,된장찌개,100,55,4,2,5
127,두부찌개,100,55,5,2,4
128,매운탕,100,45,5,1,3
129,버섯전골,100,59,4,3,5
130,부대찌개,100,94,5,5,8
131,샤브샤브,100,46,4,2,4
132,소고기전골,100,62,6,3,2
133,순두부찌개,100,41,4,2,3
134,알탕,100,43,7,1,2
135,오리백숙,100,118,9,8,3
136,오리탕,100,113,8,7,5
137,오징어찌개,100,34,3,0,5
138,청국장찌개,100,54,5,3,3
139,추어탕,100,36,3,2,3
140,콩비지찌개,100,50,4,2,4
141,호박찌개,100,37,2,1,5
142,고구마,100,122,1,0,29
143,가오리찜,100,102,22,1,0
144,갈비찜,100,152,16,7,7
145,감자,100,74,2,0,17
146,깻잎찜,100,79,4,3,9
147,꼬막찜,100,80,11,2,5
148,꽈리고추찜,100,73,3,1,13
149,달걀찜,100,80,6,5,2
150,닭찜,100,108,9,4,8
151,돼지갈비찜,100,137,10,7,8
152,사태찜,100,110,12,5,4
153,수육,100,166,28,5,2
154,순대,100,170,6,5,25
155,아귀찜,100,80,8,2,6
156,애호박찜,100,181,10,6,21
157,옥수수,100,212,6,3,43
158,족발,100,227,27,13,0
159,코다리찜,100,94,14,1,6
160,콩나물찜,100,56,7,1,5
161,풋고추찜,100,51,2,1,8
162,가자미구이,100,132,16,6,2
163,갈비구이,100,299,21,21,6
164,갈치구이,100,144,14,8,2
165,고등어구이,100,208,14,15,4
166,곱창구이,100,184,15,12,5
167,김구이,100,470,20,30,29
168,꼬치구이,100,249,17,13,15
169,닭구이,100,135,14,7,5
170,닭발구이,100,196,18,9,10
171,떡갈비,100,202,21,12,2
172,런천미트구이,100,303,18,24,3
173,뱅어포구이,100,374,34,15,25
174,버섯구이,100,68,5,2,8
175,버섯구이표고버섯,100,100,4,1,18
176,삼겹살구이,100,435,18,37,6
177,삼치구이,100,100,12,5,1
178,새우구이,100,145,23,4,3
179,소불고기,100,110,10,6,5
180,스테이크,100,163,14,9,7
181,오리고기구이,100,293,24,20,5
182,오리불고기,100,100,9,4,7
183,장어구이,100,223,17,14,6
184,조개구이,100,130,17,2,10
185,조기구이,100,177,19,11,0
186,참치구이,100,193,27,9,1
187,치킨데리야끼,100,208,17,9,15
188,함박스테이크,100,197,12,12,10
189,가지전,100,123,5,7,9
190,감자전,100,113,2,5,15
191,고구마전,100,227,3,8,36
192,김치전,100,105,4,3,14
193,달걀말이,100,183,12,13,4
194,달걀부침(달걀후라이),100,201,12,15,4
195,두부부침,100,142,12,10,2
196,맛살전,100,165,7,6,20
197,메밀전,100,161,4,1,35
198,버섯전,100,171,9,10,12
199,부추전,100,196,6,7,27
200,산적,100,200,29,9,2
201,스크램블드에그,100,151,9,11,2
202,애호박전,100,122,4,9,7
203,완자전,100,180,15,9,10
204,채소전,100,164,4,7,22
205,파전,100,187,7,9,20
206,감자볶음,100,71,2,3,9
207,건새우볶음,100,165,21,6,5
208,곱창볶음,100,183,12,7,17
209,김치볶음,100,82,4,5,6
210,낙지볶음,100,79,6,3,8
211,닭발볶음,100,186,14,9,12
212,닭볶음(닭갈비),100,153,12,6,12
213,당근볶음,100,95,1,7,8
214,돼지고기볶음,100,122,10,6,7
215,돼지고기볶음(제육볶음),100,195,12,14,5
216,떡볶이,100,202,5,3,39
217,라볶이,100,134,3,5,20
218,마늘쫑볶음,100,81,4,3,10
219,마파두부,100,119,7,8,5
220,멸치볶음,100,250,25,11,13
221,문어볶음,100,88,11,1,9
222,미역줄기볶음,100,54,1,4,4
223,버섯볶음,100,100,3,6,8
224,브로콜리볶음,100,51,4,1,6
225,삼겹살볶음,100,151,6,10,8
226,새우볶음,100,83,10,2,6
227,소고기볶음,100,146,10,9,7
228,소시지볶음,100,174,8,11,10
229,애호박볶음,100,59,1,4,5
230,양파볶음,100,56,1,2,10
231,어묵볶음,100,109,5,4,13
232,오징어볶음,100,96,9,3,8
233,유산슬,100,79,8,3,4
234,잔멸치볶음,100,200,19,9,11
235,잡채,100,117,3,3,19
236,죽순볶음,100,120,14,6,4
237,팔보채,100,90,12,3,3
238,풋고추볶음,100,70,2,3,8
239,햄볶음,100,183,10,11,10
240,감자조림,100,90,2,2,16
241,고등어조림,100,103,8,5,5
242,꽁치조림,100,115,10,6,5
243,닭볶음탕,100,109,9,4,10
244,닭조림,100,140,12,6,9
245,두부조림,100,139,10,7,8
246,땅콩조림,100,483,19,36,20
247,멸치조림,100,318,41,13,9
248,무조림,100,48,2,2,4
249,미트볼조림,100,221,18,11,13
250,버섯조림,100,47,3,1,7
251,병어조림,100,112,12,5,5
252,삼치조림,100,125,16,6,3
253,양미리조림,100,65,6,1,9
254,어묵조림,100,159,6,5,23
255,연근조림,100,141,2,3,27
256,오징어조림,100,137,17,2,12
257,오징어채조림,100,240,24,5,25
258,우엉조림,100,125,4,3,21
259,장조림,100,130,12,5,9
260,쥐포조림,100,276,13,9,36
261,코다리조림,100,80,13,1,5
262,콩조림(콩자반),100,276,19,6,37
263,감자튀김,100,242,3,13,29
264,김튀김,100,522,11,29,54
265,다시마튀각,100,462,8,27,47
266,닭다리튀김,100,323,19,20,18
267,닭튀김,100,282,21,17,12
268,떡강정,100,249,4,5,48
269,미역튀각,100,443,13,34,21
270,탕수육,100,190,9,8,20
271,가지나물,100,32,1,1,4
272,고구마줄기나물,100,67,1,5,4
273,고사리나물무침,100,90,4,6,6
274,고춧잎나물무침,100,88,4,5,7
275,깻잎나물,100,86,3,6,5
276,냉이나물,100,72,4,2,11
277,도라지나물무침,100,130,2,8,13
278,돌나물무침,100,69,2,3,8
279,머위대나물무침,100,58,4,3,5
280,무나물무침,100,21,1,0,4
281,방풍나물무침,100,76,4,2,11
282,배추나물,100,36,2,1,5
283,비름나물무침,100,73,3,4,6
284,숙주나물,100,19,2,1,2
285,시금치나물,100,37,2,2,4
286,시래기나물무침,100,114,4,7,8
287,씀바귀나물무침,100,97,4,2,17
288,열무나물,100,54,3,3,4
289,유채나물,100,43,3,2,4
290,참나물,100,90,3,2,19
291,취나물,100,83,6,1,15
292,콩나물무침,100,45,3,3,3
293,토란대나물무침,100,68,5,3,4
294,호박오가리나물무침,100,201,6,10,21
295,가죽나물무침,100,76,6,1,10
296,겉절이,100,58,2,3,5
297,골뱅이무침,100,82,6,1,13
298,굴무침,100,77,7,2,7
299,김무침,100,143,12,7,14
300,낙지무침,100,77,12,1,4
301,냉채,100,76,9,1,7
302,다시마무침,100,48,3,1,7
303,달래무침,100,77,3,2,11
304,도라지생채,100,69,3,1,13
305,두릅무침,100,67,2,3,8
306,마늘쫑무침,100,87,2,3,14
307,무말랭이무침,100,111,3,1,23
308,무생채,100,43,2,1,7
309,묵무침,100,60,1,2,10
310,물회,100,66,5,2,7
311,미나리무침,100,46,1,2,5
312,미역초무침,100,43,2,1,8
313,민들레잎무침,100,81,3,2,12
314,버섯무침,100,59,3,4,3
315,부추무침,100,47,2,2,6
316,북어채무침,100,169,26,3,10
317,샐러드,100,120,5,6,12
318,양장피,100,133,7,7,11
319,오이무침,100,31,2,0,5
320,오이생채,100,39,1,1,7
321,오이지무침,100,34,1,2,4
322,오징어무침,100,56,6,1,6
323,오징어채무침,100,186,18,4,21
324,톳나물무침,100,75,2,2,12
325,파래무침,100,40,3,1,7
326,파무침,100,77,2,3,10
327,풋고추된장무침,100,124,2,7,12
328,풋마늘무침,100,55,3,1,10
329,피조개무침,100,52,5,1,6
330,해초무침,100,39,1,0,9
331,회무침,100,89,9,1,10
332,고들빼기김치,100,91,3,1,17
333,깍두기,100,33,2,1,4
334,깻잎김치,100,73,3,2,10
335,나박김치,100,10,0,0,1
336,동치미,100,13,0,0,2
337,물김치,100,5,0,0,1
338,보쌈김치,100,30,2,1,4
339,부추김치,100,59,3,2,7
340,얼갈이배추김치,100,47,2,1,8
341,오이김치,100,38,2,1,6
342,가자미식해,100,134,11,5,12
343,갈치젓,100,149,16,5,10
344,멸치젓,100,90,11,2,7
345,새우젓,100,69,7,2,6
346,오징어젓,100,60,10,1,3
347,꽃게장,100,80,9,1,9
348,단무지,100,13,0,0,2
349,더덕장아찌,100,141,4,1,29
350,매실장아찌,100,154,1,1,35
351,무짠지,100,11,1,0,2
352,무초절임(치킨무),100,17,1,0,3
353,오이장아찌,100,14,0,0,3
354,오이지,100,25,1,1,3
355,미숫가루,100,391,18,6,65
356,육회,100,130,10,6,8
357,또띠아,100,250,12,9,30
358,앙금빵,100,323,7,8,57
359,와플,100,80,1,3,8
360,크림빵,100,275,5,20,22
361,토스트,100,312,10,18,28
362,프레즐,100,279,10,8,52
363,핫도그,100,304,9,16,30
364,허니브레드,100,425,10,20,171
365,비스킷/쿠키/크래커,100,488,8,23,63
366,웨이퍼,100,513,6,25,66
367,젤리,100,278,3,1,64
368,초콜릿,100,553,7,37,49
369,캔디,100,402,4,8,78
370,빙수,100,138,4,3,24
371,샤베트,100,125,2,3,22
372,아이스크림,100,202,3,11,22
373,요구르트(액상),100,104,3,3,15
374,과ㆍ채주스,100,50,0,0,12
375,라떼,100,90,2,3,13
376,레몬차,100,47,1,0,11
377,마테차,100,2,0,0,0
378,밀크티/버블티,100,71,2,2,11
379,사과차,100,113,0,0,28
380,스무디,100,92,1,3,19
381,식혜,100,68,1,1,14
382,아이스티,100,51,0,0,12
383,에이드,100,51,0,0,13
384,유자차,100,51,0,0,12
385,자몽차,100,59,0,0,15
386,자몽홍차,100,55,0,0,14
387,커피,100,52,2,2,6
388,코코아,100,91,2,5,10
389,콤부차,100,41,0,0,10
390,홍차,100,2,0,0,0
391,견과,100,550,18,38,38
392,소시지,100,238,15,17,7
393,계란덮밥,100,143,4,3,25
394,곤드레나물밥,100,149,3,3,28
395,귀리밥,100,204,6,4,36
396,누룽지,100,355,7,1,79
397,리조또,100,182,3,11,17
398,묵밥,100,68,2,1,14
399,새우튀김롤,100,202,5,6,32
400,쌀밥,100,166,3,0,37
401,연어롤,100,170,6,5,25
402,연잎밥,100,207,4,0,47
403,오곡밥,100,156,5,1,33
404,잡탕밥,100,104,6,3,14
405,짜장밥,100,128,4,2,23
406,충무김밥,100,146,6,1,27
407,캘리포니아롤,100,163,4,3,30
408,개피떡(바람떡),100,207,4,1,45
409,기피편,100,220,5,0,49
410,모싯잎송편,100,190,6,1,40
411,무지개떡,100,229,4,0,53
412,빙떡(메밀전병),100,168,6,6,22
413,수수경단,100,218,8,1,43
414,수수부꾸미,100,248,6,6,42
415,수수팥떡,100,204,7,1,43
416,쑥떡,100,249,3,0,58
417,찰시루떡,100,181,7,0,38
418,다식,100,369,8,4,74
419,다쿠아즈,100,447,8,27,43
420,마카롱,100,439,7,23,50
421,버터크림빵,100,383,8,18,46
422,크로켓(고로케),100,301,7,16,31
423,매작과,100,413,8,13,66
424,산자,100,366,2,3,82
425,약과,100,399,4,5,85
426,유과,100,424,3,13,74
427,기스면,100,61,4,1,9
428,라멘,100,87,4,4,9
429,막국수,100,109,4,1,21
430,메밀소바,100,116,4,2,20
431,밀면,100,71,2,0,14
432,볶음면,100,190,7,12,14
433,분짜,100,136,6,4,20
434,비빔국수,100,113,3,2,20
435,비빔면,100,153,6,5,20
436,쌀국수,100,270,5,1,61
437,올갱이국수,100,38,1,1,7
438,울면,100,79,4,1,13
439,탄탄면,100,174,6,7,21
440,팟타이,100,189,6,9,21
441,게살죽,100,71,2,1,13
442,깨죽,100,64,2,2,10
443,미음,100,19,0,0,5
444,백합죽,100,65,2,1,12
445,소고기버섯죽,100,72,2,1,14
446,쌀죽(흰죽),100,55,1,0,12
447,어죽,100,69,3,1,13
448,율무죽,100,44,0,0,10
449,잣죽,100,125,3,3,22
450,참깨죽,100,38,1,1,6
451,참치죽,100,82,3,2,13
452,현미죽,100,64,1,0,15
453,게국지,100,38,4,1,3
454,곰치국,100,42,5,1,2
455,꼬리곰탕,100,110,15,5,1
456,낙지탕,100,31,5,1,2
457,매생이국,100,24,2,1,3
458,묵말이,100,36,1,1,7
459,미소된장국,100,24,2,1,2
460,선짓국,100,42,6,1,1
461,소탕,100,58,5,4,1
462,아구탕,100,41,6,1,2
463,어묵탕,100,69,3,1,11
464,어탕,100,57,8,2,1
465,연포탕,100,54,9,1,2
466,오이냉국,100,18,1,0,4
467,올갱이국,100,24,2,1,2
468,전복탕,100,33,4,0,3
469,지리탕,100,42,7,1,2
470,초당순두부,100,58,5,3,2
471,홍합탕,100,29,4,1,2
472,황태해장국,100,30,4,1,1
473,고등어찌개,100,100,8,6,4
474,곱창전골,100,88,5,5,6
475,꽁치찌개,100,118,8,8,4
476,나베,100,170,5,10,16
477,두부전골,100,52,4,2,3
478,마라탕,100,77,4,4,5
479,만두전골,100,66,3,2,8
480,밀푀유나베,100,45,4,2,4
481,버섯찌개,100,42,4,1,4
482,불고기전골,100,89,6,3,9
483,불낙전골,100,60,6,2,4
484,해물탕,100,39,5,1,2
485,해신탕,100,57,8,2,2
486,훠궈,100,93,5,5,7
487,김치찜,100,79,7,4,4
488,꼬막무침,100,107,8,5,8
489,대구찜,100,75,10,2,5
490,동태찜,100,79,10,2,5
491,동파육,100,191,9,15,4
492,돼지고기,100,211,22,12,0
493,돼지등갈비찜,100,214,16,11,13
494,북어찜,100,157,19,4,12
495,붕어찜,100,76,5,3,7
496,수란,100,145,12,12,0
497,오징어순대,100,133,13,2,17
498,조기찜,100,182,20,11,2
499,해물찜,100,72,6,2,7
500,갈매기살구이,100,312,27,23,0
501,꿩불고기,100,74,7,2,8
502,닭튀김(치킨),100,276,18,13,21
503,대창구이,100,595,9,60,4
504,더덕구이,100,146,2,4,27
505,돼지갈비구이,100,166,12,10,6
506,돼지껍데기구이,100,348,24,27,3
507,돼지불고기,100,120,10,6,7
508,막창구이,100,358,15,33,0
509,연어구이,100,234,25,15,0
510,오겹살구이,100,408,20,35,3
511,임연수구이,100,198,22,12,1
512,차돌박이구이,100,488,18,46,1
513,콘치즈구이,100,224,10,13,18
514,황태구이,100,182,22,6,10
515,훈제오리,100,319,17,26,5
516,고추전,100,183,9,11,11
517,굴전,100,159,8,8,12
518,깻잎전,100,241,12,17,10
519,꼬치구치,100,94,16,2,4
520,녹두빈대떡,100,192,9,8,21
521,동태전,100,152,13,8,6
522,두부전,100,161,12,10,5
523,미나리전,100,151,3,5,23
524,배추전,100,160,3,6,24
525,새우전,100,188,10,11,12
526,생선전,100,167,16,9,6
527,소고기산적,100,227,24,13,4
528,소라산적,100,150,22,3,8
529,오징어산적,100,127,22,2,4
530,해물파전,100,205,7,12,17
531,햄부침,100,244,11,17,11
532,호박전,100,123,3,7,10
533,홍합산적,100,196,22,6,13
534,화양적,100,182,9,10,14
535,감바스,100,304,9,22,17
536,고추잡채,100,109,7,4,11
537,난자완스,100,173,11,10,10
538,느타리버섯볶음,100,42,2,3,4
539,닭모래집볶음,100,124,18,4,3
540,두부김치,100,100,7,6,5
541,머위나물볶음,100,72,2,5,5
542,순대볶음,100,137,4,6,17
543,오징어채볶음,100,164,18,4,13
544,주꾸미볶음,100,90,8,2,10
545,주꾸미삼겹살,100,161,10,9,11
546,해물볶음,100,105,10,4,8
547,가자미조림,100,81,10,2,6
548,고추조림,100,84,5,3,9
549,동태조림,100,87,13,1,6
550,북어조림,100,182,21,3,17
551,조기조림,100,128,14,6,4
552,고구마맛탕,100,173,1,4,33
553,고구마튀김,100,243,2,11,33
554,고추튀김,100,202,8,13,15
555,김말이튀김,100,248,2,12,33
556,깐풍기,100,295,13,18,19
557,깐풍새우,100,240,8,14,21
558,닭모래집튀김,100,312,19,18,19
559,돈가스,100,300,15,19,17
560,라조기,100,199,10,12,13
561,멘보샤,100,289,11,22,13
562,미꾸라지튀김,100,387,11,25,29
563,복어튀김,100,320,14,19,23
564,북어강정,100,379,19,22,26
565,생선까스,100,280,10,20,15
566,양파링튀김,100,411,4,25,44
567,쥐포튀김,100,357,10,16,42
568,채소튀김,100,321,4,17,38
569,치즈볼,100,333,10,20,29
570,치즈스틱,100,329,13,22,21
571,치킨가스,100,296,14,17,22
572,깻잎나물볶음,100,103,4,7,6
573,머위나물무침,100,85,2,8,2
574,미나리나물,100,59,2,4,4
575,세발나물무침,100,78,3,4,7
576,우거지나물무침,100,86,3,6,6
577,취나물무침,100,148,3,12,7
578,노각무침,100,56,2,1,10
579,단무지무침,100,37,1,2,5
580,더덕무침,100,105,2,1,22
581,배추겉절이,100,35,2,1,6
582,밴댕이무침,100,150,7,8,12
583,상추겉절이,100,35,1,1,4
584,쑥갓나물무침,100,64,3,4,4
585,탕평채,100,97,4,4,12
586,홍어무침,100,99,9,1,13
587,갓김치,100,37,3,0,7
588,배추김치,100,38,2,1,6
589,백김치,100,16,1,0,3
590,열무김치,100,32,2,0,5
591,열무물김치,100,18,1,0,3
592,열무얼갈이김치,100,35,2,1,5
593,오이소박이,100,37,2,0,6
594,유채김치,100,62,4,1,10
595,유채물김치,100,17,1,0,3
596,총각김치,100,41,2,0,8
597,파김치,100,49,2,1,9
598,게장,100,100,12,3,6
599,명란젓,100,147,18,7,4
600,조개젓,100,103,9,2,13
601,고추장아찌,100,124,2,1,31
602,들깻잎장아찌,100,124,4,0,26
603,마늘장아찌,100,113,2,0,25
604,마늘쫑장아찌,100,96,2,1,20
605,무장아찌,100,80,1,1,17
606,소스/드레싱,100,97,6,4,11
607,카레소스,100,101,6,5,8
608,밀크쉐이크,100,113,2,4,17
609,우유,100,63,3,3,5
610,레몬청차,100,60,0,0,15
611,밀크티,100,80,1,4,11
612,액상커피,100,24,0,0,5
613,팝콘,100,495,7,23,64
614,달걀,100,197,18,11,4
615,대구포,100,141,32,0,2
616,넙치(광어)회덮밥,100,77,4,1,13
617,돌솥비빔밥,100,86,3,2,14
618,우럭회덮밥,100,67,3,1,11
619,참치덮밥,100,108,6,2,16
620,참치회덮밥,100,76,5,1,12
621,콩나물국밥,100,60,3,1,11
622,비빔막국수,100,104,3,1,21
623,쟁반짜장,100,145,6,3,24
624,중식우동,100,91,5,1,15
625,해물칼국수,100,77,3,0,15
626,닭고기육개장,100,35,4,1,2
627,닭백숙,100,56,4,2,4
628,개고기전골,100,74,6,5,2
629,고추장찌개,100,53,4,2,6
630,내장전골,100,58,5,3,3
631,소고기샤브샤브,100,46,3,2,4
632,순대전골,100,76,6,3,6
633,아귀지리,100,21,4,0,1
634,가오리콩나물찜,100,29,3,1,4
635,꽃게콩나물찜,100,52,6,1,5
636,낙지찜,100,74,5,4,4
637,단호박찜,100,41,1,0,10
638,대구볼찜,100,45,4,1,5
639,복찜,100,36,4,1,4
640,소갈비찜,100,124,8,7,8
641,해물콩나물찜,100,51,7,1,4
642,홍어찜,100,41,7,1,1
643,황태콩나물찜,100,82,10,2,7
644,굴비구이,100,122,12,7,1
645,꽁치구이,100,138,16,7,2
646,소내장구이,100,92,7,7,1
647,오리고기로스,100,174,12,14,0
648,옥돔구이,100,39,5,2,0
649,옥수수구이,100,144,3,8,15
650,전어구이,100,33,6,1,0
651,새송이버섯전,100,63,3,4,6
652,어육소시지전,100,177,8,10,13
653,장떡,100,197,4,8,27
654,파래전,100,197,5,5,32
655,가지볶음,100,33,1,2,4
656,건표고버섯볶음,100,37,2,2,8
657,멸치볶음(멸치만),100,114,15,3,5
658,새송이버섯볶음,100,27,1,2,4
659,오리볶음,100,171,10,11,7
660,중식잡채,100,83,2,2,14
661,쫄볶이,100,150,5,1,29
662,파래볶음,100,53,3,3,8
663,표고버섯볶음,100,21,1,1,4
664,호박볶음,100,31,1,2,4
665,갈치조림,100,65,6,2,4
666,달걀조림,100,109,9,5,7
667,닭도리탕,100,105,9,4,8
668,깐쇼새우,100,150,8,6,15
669,시래기나물,100,30,1,2,3
670,청경채나물,100,14,1,1,2
671,톳나물,100,30,3,2,3
672,간재미회무침,100,47,5,0,6
673,개고기무침,100,121,8,9,4
674,곤약무침,100,83,1,8,4
675,과일샐러드,100,70,0,5,7
676,돌나물,100,31,1,1,6
677,마늘장아찌무침,100,99,2,1,22
678,모자반무침,100,19,1,0,4
679,얼갈이겉절이,100,24,1,1,4
680,톳나물초무침,100,19,1,0,5
681,곤드레밥,100,87,2,1,17
682,율무밥,100,136,4,1,27
683,흑미밥,100,119,2,0,26
684,잔치국수,100,65,2,1,12
685,들깨국,100,15,1,1,2
686,소고기육개장,100,28,2,2,2
687,어묵국(어묵탕),100,25,2,1,4
688,감자구이,100,79,1,3,11
689,닭날개구이,100,125,11,7,4
690,닭다리구이,100,89,9,5,2
691,고추장볶음,100,235,9,5,43
692,동태까스,100,273,12,16,19
693,숙주미나리나물,100,18,1,1,2
694,갑오징어무침,100,50,5,1,6
695,느타리버섯무침,100,39,2,2,7
696,도토리묵무침,100,61,1,1,12
697,청포묵무침,100,51,2,2,7
698,돼지고기덮밥,100,165,8,3,26
699,유부국,100,17,1,1,1
700,돼지고기찜,100,109,11,3,9
701,햄전,100,241,20,14,8
702,미역냉국,100,14,1,0,3
703,햄채소볶음,100,68,6,3,4
704,무생채(무만),100,30,1,1,6
705,참나물겉절이,100,18,1,1,3
706,치커리겉절이,100,22,1,1,4
707,짜장소스,100,100,4,4,13
708,강냉이/팝콘,100,482,6,20,71
709,스낵과자,100,461,7,17,69
710,일반과자,100,479,8,20,67
711,전통과자,100,437,7,13,72
712,누가,100,423,5,12,73
713,마시멜로,100,361,3,1,86
714,사탕,100,398,1,2,94
715,양갱,100,294,3,1,69
716,캐러멜,100,415,3,9,80
717,코팅캔디,100,370,14,2,73
718,푸딩,100,94,0,1,20
719,껌,100,356,0,0,89
720,바게트/치아바타,100,287,9,7,47
721,빵,100,330,7,13,46
722,스콘,100,424,8,22,49
723,크로켓,100,164,5,4,28
724,타르트,100,361,5,19,42
725,파이/만쥬,100,394,6,21,46
726,호빵,100,245,7,3,47
727,떡,100,267,6,2,57
728,아이스밀크,100,164,3,7,23
729,빙과,100,105,0,2,22
730,볶음/비빔라면,100,412,8,14,63
731,우동면,100,166,4,2,34
732,파스타,100,304,10,1,61
733,과·채주스,100,51,1,0,12
734,과·채음료,100,61,0,0,15
735,탄산음료,100,34,0,0,8
736,탄산수,100,2,0,0,1
737,두유,100,61,3,3,6
738,발효음료,100,85,0,1,19
739,유산균음료,100,64,1,1,14
740,기타김치,100,51,2,0,10
741,장아찌,100,116,2,1,25
742,단무지/피클,100,160,1,15,6
743,과·채당절임,100,306,1,0,76
744,"기타 조림",100,190,6,2,36
745,막걸리,100,54,1,0,2
746,소주,100,127,0,0,0
747,청주,100,132,0,0,4
748,맥주,100,46,0,0,3
749,과실주,100,119,0,0,5
750,위스키,100,284,0,0,0
751,고량주,100,355,0,0,0
752,밀가루,100,357,10,2,75
753,땅콩버터,100,600,25,48,21
754,견과류,100,535,16,35,40
755,시리얼,100,408,10,9,73
756,과일가공품,100,220,2,1,49
757,채소가공품,100,179,3,7,24
758,두류가공품,100,221,17,7,23
759,서류가공품,100,258,4,2,57
760,"기타 농산가공품",100,357,9,4,71
761,빵가루,100,367,11,3,73
762,부침가루/튀김가루/믹스,100,362,9,4,75
763,호박씨분말,100,385,65,9,5
764,냉동과일,100,191,4,2,40
765,햄,100,214,17,14,6
766,발효소시지,100,383,25,30,3
767,베이컨,100,265,17,21,2
768,양념육,100,205,13,12,11
769,식육간편조리,100,58,6,3,2
770,"기타 식육가공품",100,219,14,12,13
771,달걀/메추리알,100,143,11,8,6
772,분유,100,476,19,21,53
773,전지/탈지분유,100,435,30,14,46
774,우유(멸균),100,65,3,4,5
775,강화우유,100,55,3,3,5
776,농후발효유,100,99,4,3,13
777,"우유,유당분해우유",100,57,3,3,4
778,가공우유,100,74,3,3,10
779,치즈,100,380,30,30,0
780,어묵,100,151,12,6,12
781,고등어,100,210,16,15,3
782,골뱅이,100,81,11,0,9
783,꽁치,100,189,15,13,3
784,연어,100,199,19,11,5
785,정어리,100,185,19,10,1
786,참치,100,180,16,11,5
787,젓갈/액젓,100,25,5,0,1
788,조미건어포,100,342,39,5,37
789,조미김,100,531,25,36,28
790,김자반,100,533,15,38,33
791,"기타 수산가공품",100,367,16,17,39
792,식용곤충,100,463,52,19,22
793,밥류,100,159,5,4,26
794,주먹밥/김밥/초밥,100,179,5,5,28
795,"즉석 면요리",100,161,6,5,24
796,죽,100,96,3,1,17
797,국/탕류,100,52,4,2,5
798,찌개/전골류,100,76,5,3,7
799,전,100,157,4,4,25
800,조림/찜,100,99,8,4,9
801,함박스테이크/미트볼,100,171,9,9,14
802,반찬,100,145,8,6,15
803,도시락,100,155,7,5,21
804,튀김,100,184,3,6,29
805,치킨,100,179,10,8,18
806,"기타 시리얼",100,399,19,10,62
807,시리얼바/에너지바/영양바,100,442,9,18,58
808,"즉석 빵",100,241,7,9,33
809,버거,100,257,9,13,26
810,"즉석 피자",100,205,9,9,21
811,육수,100,31,3,1,2
812,"기타 음료",100,54,1,2,8
813,"성장기 즉석식품",100,397,15,8,67
814,"체중조절용 즉석식품",100,356,45,5,34
815,만두피,100,238,8,5,40
816,"기타 즉석식품",100,124,2,0,29
817,기타가공품,100,335,13,13,41
818,귀리,100,386,11,9,67
819,기장,100,369,13,4,70
820,메밀,100,254,10,3,47
821,"메밀 국수",100,225,7,1,46
822,"메밀 냉면",100,251,7,1,51
823,메밀묵,100,215,5,1,45
824,멥쌀,100,361,7,2,77
825,"멥쌀 국수",100,256,5,1,55
826,멥쌀밥,100,184,3,0,41
827,밀,100,345,12,1,74
828,보리,100,312,11,2,66
829,수수,100,372,11,3,74
830,옥수수묵,100,55,1,0,13
831,"옥수수 샐러드",100,104,3,0,22
832,율무,100,380,15,5,68
833,"율무 국수",100,368,13,1,75
834,조,100,349,11,4,67
835,찹쌀,100,362,7,2,77
836,"찹쌀 국수",100,334,8,0,75
837,피,100,376,8,5,74
838,호밀,100,350,13,2,74
839,퀴노아,100,363,10,3,73
840,잡곡,100,358,10,2,73
841,아마란스,100,382,17,6,67
842,찹쌀밥,100,168,3,1,36
843,으깬감자,100,83,2,1,18
844,고구마말랭이,100,277,4,0,66
845,당면,100,276,0,0,69
846,곤약(구약나물),100,54,1,0,24
847,돼지감자,100,82,5,0,35
848,마,100,77,2,0,17
849,아피오스감자,100,175,6,0,38
850,전분,100,359,0,0,88
851,천마,100,79,1,0,19
852,칡뿌리,100,137,2,0,32
853,토란,100,73,2,0,16
854,야콘,100,47,1,0,11
855,칡즙,100,21,0,0,5
856,히카마(얌빈),100,45,1,0,11
857,꿀,100,316,0,0,86
858,당밀,100,274,0,0,68
859,설탕,100,387,0,0,99
860,포도당,100,342,0,0,91
861,강낭콩,100,215,12,1,39
862,녹두,100,255,18,1,43
863,"녹두 국수",100,344,0,0,88
864,녹두묵,100,40,0,0,10
865,동부,100,229,14,1,40
866,라이마빈스,100,214,16,1,43
867,완두,100,191,13,1,31
868,작두(도두),100,235,18,1,39
869,잠두,100,226,17,1,39
870,쥐눈이콩(검정소립콩),100,345,33,13,25
871,콩(대두),100,386,34,15,31
872,팥,100,310,20,1,55
873,렌즈콩(렌틸콩),100,294,19,1,51
874,병아리콩,100,280,13,4,46
875,개암(헤이즐넛),100,637,15,62,17
876,도토리,100,319,3,2,72
877,"도토리 국수",100,343,12,1,72
878,도토리묵,100,207,1,1,49
879,들깨,100,199,10,13,15
880,땅콩,100,528,23,43,23
881,때죽,100,551,14,45,32
882,마름,100,183,6,0,41
883,머루씨,100,282,6,5,54
884,밤,100,173,3,0,39
885,브라질너트,100,659,14,67,12
886,삼씨(대마씨),100,450,30,28,32
887,수박씨,100,451,19,23,47
888,아몬드,100,588,23,51,20
889,연씨,100,81,6,0,15
890,은행,100,203,5,2,42
891,잣,100,659,16,65,14
892,참깨,100,550,23,44,24
893,코코넛,100,626,6,56,34
894,피스타치오넛,100,572,23,47,24
895,피칸,100,691,9,72,14
896,해바라기씨,100,586,21,51,21
897,호두,100,701,15,70,10
898,호박씨,100,548,35,48,5
899,아마씨,100,540,22,43,30
900,치아씨,100,486,17,31,42
901,목화씨,100,506,33,36,22
902,가시오가피,100,70,5,1,14
903,가지,100,88,5,1,20
904,갓,100,30,3,0,6
905,갯기름나물,100,48,4,1,10
906,게걸무,100,45,2,0,10
907,겨자,100,154,8,8,19
908,고들빼기,100,34,2,0,7
909,고려엉겅퀴(곤드레),100,121,12,2,20
910,고비,100,82,5,0,18
911,고사리,100,144,15,1,30
912,고수(향채),100,25,2,0,5
913,고추,100,57,3,1,11
914,고춧잎,100,101,13,2,15
915,고추냉이,100,143,12,1,28
916,곤달비,100,39,2,0,8
917,곰취,100,170,5,3,38
918,공심채,100,26,2,0,5
919,꾸지뽕,100,126,7,1,27
920,국화꽃,100,110,5,0,29
921,근대,100,19,2,0,4
922,꽃양배추(콜리플라워),100,27,2,0,5
923,꿀풀(하고초),100,179,5,2,42
924,날개콩,100,36,2,0,6
925,냉이,100,45,5,0,9
926,누리장나무잎,100,65,4,1,13
927,는쟁이냉이,100,28,2,0,5
928,달래,100,28,2,0,6
929,당귀,100,41,3,1,8
930,당근,100,31,1,0,7
931,더덕,100,168,6,1,38
932,도라지,100,198,7,1,45
933,동아,100,15,1,0,4
934,두릅,100,33,4,0,6
935,둥굴레,100,171,10,1,40
936,리크,100,41,2,0,10
937,마늘,100,173,9,1,36
938,풋마늘,100,30,2,0,7
939,마늘종,100,56,2,0,14
940,마타리,100,45,2,0,11
941,머위,100,126,10,2,24
942,무,100,17,1,0,4
943,무순,100,20,2,1,2
944,무청,100,27,3,0,4
945,무시래기,100,23,2,0,5
946,"무 절임(치킨무)",100,22,0,0,5
947,무말랭이,100,318,14,0,65
948,물냉이,100,23,4,0,4
949,물쑥,100,42,4,0,9
950,미나리,100,37,2,0,9
951,민들레,100,30,2,0,6
952,바셀라,100,12,1,0,3
953,바질,100,33,3,1,6
954,박,100,27,1,0,7
955,박고지,100,268,8,0,69
956,박쥐나무,100,100,7,1,21
957,방가지똥,100,46,2,0,10
958,방울다다기양배추,100,50,4,0,10
959,배추,100,28,2,0,6
960,백모근,100,337,9,2,77
961,부지갱이(섬쑥부쟁이),100,133,13,1,25
962,부추,100,30,2,0,6
963,브로콜리,100,122,8,1,25
964,비름,100,25,3,0,4
965,비타민채(다채),100,15,2,0,2
966,비트,100,20,2,0,4
967,사탕수수,100,77,1,0,21
968,산마늘(명이나물),100,37,2,0,8
969,삼나물,100,293,23,2,61
970,생강,100,155,6,4,25
971,상추,100,17,1,0,3
972,섬초롱,100,38,2,0,8
973,세발나물,100,21,2,0,4
974,셀러리,100,17,1,0,4
975,소리쟁이,100,259,22,2,53
976,쇠귀나물,100,129,6,0,27
977,수리취(떡취),100,64,4,0,15
978,순무,100,26,2,0,6
979,스테비아,100,172,8,1,40
980,시금치,100,31,4,1,5
981,신선초(명일엽),100,24,1,0,6
982,쌈추,100,23,3,0,4
983,쑥,100,92,7,1,19
984,쑥갓,100,18,2,0,3
985,쑥부쟁이,100,26,3,1,4
986,씀바귀,100,48,3,0,11
987,아스파라거스,100,18,2,0,3
988,아욱,100,34,3,0,6
989,아이비카,100,260,28,4,44
990,아주까리,100,185,21,2,33
991,알팔파,100,21,4,0,3
992,양배추,100,35,2,0,7
993,양파,100,108,3,1,23
994,양하,100,13,1,0,3
995,어수리,100,38,3,0,8
996,얼갈이배추,100,14,2,0,2
997,엄나무(개두릅),100,39,7,1,5
998,엉겅퀴,100,273,25,2,55
999,여주(고야),100,22,1,0,4
1000,연근,100,69,1,0,16
1001,열대비름(아마란스),100,33,4,1,5
1002,열무,100,17,2,0,2
1003,염교(락교),100,88,1,1,26
1004,영아자,100,116,10,1,23
1005,오이,100,12,1,0,3
1006,오크라,100,28,2,0,7
1007,우엉,100,61,2,0,13
1008,원추리,100,32,3,0,6
1009,유채,100,38,4,1,5
1010,잇꽃(홍화),100,45,4,0,9
1011,비비추(이밥추),100,48,3,1,10
1012,자운영,100,40,5,1,7
1013,잔대,100,67,3,1,14
1014,전호,100,23,3,0,4
1015,제비쑥,100,35,4,1,5
1016,조뱅이,100,47,4,0,10
1017,죽순,100,97,9,1,18
1018,줄나물,100,236,30,2,42
1019,진달래꽃,100,26,1,0,6
1020,질경이,100,47,3,0,11
1021,참반디,100,288,13,3,66
1022,참빗살나무,100,61,7,1,10
1023,참죽나물(가죽나물),100,139,16,1,25
1024,청경채,100,12,2,0,2
1025,총각무,100,25,2,0,6
1026,치커리,100,32,2,0,7
1027,칠면초,100,27,3,0,5
1028,케일,100,32,3,0,6
1029,콜라비,100,22,1,0,5
1030,콩나물,100,182,21,5,15
1031,콩잎,100,94,7,0,21
1032,토란대,100,99,3,0,25
1033,토마토,100,21,1,0,5
1034,토스카노(잎브로콜리),100,40,5,1,7
1035,파,100,24,2,0,5
1036,파드득나물(삼엽채),100,25,2,0,6
1037,파슬리,100,164,15,3,29
1038,파프리카(착색단고추),100,30,1,0,7
1039,피망,100,27,1,0,7
1040,해바라기,100,9,2,0,1
1041,호박,100,55,2,0,12
1042,홑잎나물,100,87,4,1,19
1043,사탕무,100,77,2,0,19
1044,선인장,100,71,1,0,16
1045,호박즙,100,21,1,0,5
1046,삼채,100,29,1,0,6
1047,모시풀,100,55,6,1,9
1048,퉁퉁마디환(함초환),100,262,9,6,53
1049,배초향(방아),100,55,5,0,11
1050,쌈무,100,15,1,0,3
1051,퉁퉁마디(함초),100,19,1,0,4
1052,구기자,100,58,6,2,8
1053,모링가,100,66,4,1,12
1054,초석잠,100,76,2,1,17
1055,삼붕냐와,100,27,2,1,4
1056,울금,100,87,2,3,16
1057,배암차즈기(곰보배추),100,25,2,1,4
1058,백합,100,118,3,2,25
1059,루꼴라,100,26,3,0,4
1060,아티초크,100,46,3,0,10
1061,뽕잎,100,164,11,2,31
1062,경수채,100,26,2,0,6
1063,적양무,100,19,3,0,3
1064,검은비늘버섯,100,95,11,1,33
1065,나도팽나무버섯,100,99,13,0,36
1066,노루궁뎅이버섯,100,70,10,1,22
1067,느타리버섯,100,52,8,1,17
1068,능이버섯(향버섯),100,17,2,0,6
1069,동충하초,100,80,33,1,4
1070,만가닥버섯,100,19,3,0,6
1071,목이버섯,100,71,5,1,29
1072,밤버섯,100,17,3,1,4
1073,버들송이버섯,100,131,14,2,46
1074,뽕나무버섯,100,187,20,4,65
1075,상황버섯,100,91,2,0,43
1076,석이버섯,100,165,12,1,68
1077,송이버섯,100,22,2,0,8
1078,싸리버섯,100,100,11,3,32
1079,아위버섯,100,27,4,0,9
1080,애느타리버섯,100,16,4,0,4
1081,양송이버섯,100,83,17,2,21
1082,영지버섯,100,94,5,1,41
1083,율무느타리버섯,100,21,4,0,6
1084,잎새버섯,100,15,2,1,4
1085,큰느타리버섯(새송이버섯),100,115,16,1,38
1086,팽이버섯,100,20,2,0,7
1087,포타벨라,100,16,3,0,5
1088,표고버섯,100,78,10,1,27
1089,풀버섯,100,15,3,0,5
1090,꽃송이버섯,100,99,9,2,36
1091,감,100,87,1,0,23
1092,감말랭이,100,255,2,0,69
1093,곶감,100,214,2,0,57
1094,구아바,100,33,1,0,10
1095,귤,100,41,1,0,10
1096,"귤 주스",100,37,0,0,10
1097,금귤,100,73,1,0,19
1098,다래,100,67,2,0,16
1099,대추,100,191,3,0,50
1100,대추야자,100,281,2,0,71
1101,두리안,100,140,2,3,27
1102,딸기,100,107,1,0,27
1103,라임,100,30,1,0,11
1104,"라임 주스",100,25,0,0,8
1105,레몬,100,36,1,0,9
1106,롱안,100,173,3,0,45
1107,리치,100,59,1,0,15
1108,망고,100,56,1,0,14
1109,매실,100,36,1,1,8
1110,"매실 절임",100,123,1,1,30
1111,머루,100,81,1,1,19
1112,멜론,100,33,1,0,8
1113,모과,100,78,1,0,20
1114,무화과,100,166,3,1,41
1115,바나나,100,196,2,0,49
1116,배,100,44,0,0,12
1117,"배 과즙",100,38,0,0,10
1118,버찌,100,60,2,0,15
1119,복분자,100,88,2,2,18
1120,복숭아,100,45,1,0,11
1121,블랙베리,100,43,1,1,9
1122,블루베리,100,136,2,0,35
1123,비파,100,45,0,0,12
1124,사과,100,87,0,0,23
1125,산딸기,100,55,1,0,14
1126,산수유,100,202,2,2,50
1127,살구,100,144,2,0,38
1128,석류,100,77,0,0,21
1129,"소귀나무 열매",100,24,1,1,5
1130,수박,100,34,1,0,9
1131,"산자나무 열매(씨벅톤)",100,70,1,4,10
1132,아떼모야,100,73,1,0,19
1133,아보카도,100,160,2,15,9
1134,아세로라,100,36,1,0,9
1135,앵두,100,61,1,0,15
1136,엘더베리,100,73,1,0,18
1137,오디,100,55,2,0,13
1138,오렌지,100,47,1,0,12
1139,오미자,100,222,5,8,37
1140,"올리브 피클",100,129,1,12,4
1141,용과,100,48,1,0,12
1142,유자,100,48,1,0,12
1143,으름,100,158,2,13,12
1144,자두,100,103,1,0,27
1145,자몽(그레이프프루트),100,32,1,0,8
1146,참외,100,47,1,0,11
1147,크랜베리,100,180,0,0,49
1148,키위,100,60,1,0,15
1149,탱자,100,84,1,2,18
1150,파인애플,100,53,0,0,14
1151,파파야,100,32,1,0,8
1152,백향과(패션프루트),100,100,2,2,23
1153,"백향과(패션프루트) 주스",100,59,1,0,15
1154,포도,100,66,1,0,18
1155,포도즙,100,48,1,0,13
1156,아로니아,100,64,1,0,16
1157,체리,100,57,1,0,14
1158,플럼코트,100,47,1,1,10
1159,라즈베리,100,54,1,1,12
1160,망고스틴,100,71,1,0,18
1161,구즈베리,100,51,1,0,13
1162,블랙커런트,100,63,1,0,15
1163,애플수박,100,40,1,1,8
1164,잭프루트,100,95,2,1,23
1165,오렴자(카람볼라),100,30,1,0,8
1166,"마가목 열매",100,115,1,1,26
1167,"보리밥 열매",100,354,18,1,68
1168,갈래곰보,100,12,1,0,5
1169,고리매,100,14,1,0,5
1170,김류,100,167,30,5,30
1171,꼬시래기류,100,17,2,0,6
1172,홑파래류,100,146,17,1,53
1173,다시마류,100,75,4,3,25
1174,대황,100,84,5,0,36
1175,뜸부기,100,128,6,2,52
1176,매생이,100,97,15,1,30
1177,모자반류,100,59,7,1,18
1178,미역류,100,69,7,2,20
1179,산호류,100,61,5,1,13
1180,석묵,100,148,10,0,64
1181,순채,100,25,2,1,8
1182,우뭇가사리류,100,59,3,0,26
1183,지누아릿과류,100,34,5,0,12
1184,애기청각,100,30,5,1,9
1185,진두발,100,42,4,1,24
1186,청각,100,52,5,1,19
1187,클로렐라,100,97,45,7,26
1188,톳,100,63,5,1,22
1189,파래류,100,80,12,0,23
1190,풀가사리류,100,152,16,1,58
1191,들기름,100,920,0,100,0
1192,땅콩기름,100,884,0,100,0
1193,면실유,100,883,0,100,0
1194,복숭아씨기름,100,911,0,99,0
1195,쌀겨기름(미강유),100,921,0,100,0
1196,옥수수기름,100,919,0,100,0
1197,올리브유,100,921,0,100,0
1198,유채씨기름,100,920,0,100,0
1199,잇꽃씨기름,100,892,0,100,0
1200,참기름,100,917,0,100,0
1201,코코넛유,100,918,0,100,0
1202,콩기름,100,915,0,99,1
1203,팜유,100,917,0,100,0
1204,해바라기유,100,919,0,100,0
1205,혼합식물성유,100,886,0,100,0
1206,포도씨유,100,920,0,100,0
1207,아마씨유,100,884,0,100,0
1208,호두유,100,917,0,100,0
1209,아몬드유,100,884,0,100,0
1210,아보카도유,100,917,0,100,0
1211,감잎차,100,0,0,0,0
1212,결명자차,100,195,10,3,32
1213,계피차,100,357,0,1,89
1214,구기자차,100,193,7,5,29
1215,구절초차,100,345,11,1,72
1216,국화차,100,179,7,1,35
1217,녹차,100,243,16,1,42
1218,다래나무순차,100,1,0,0,0
1219,대추차,100,75,0,0,18
1220,두충차,100,354,14,4,68
1221,둥굴레차,100,1,0,0,0
1222,보리차,100,0,0,0,0
1223,상지차,100,360,6,2,79
1224,쑥차,100,338,26,1,56
1225,야콘차,100,98,1,0,24
1226,오미자차,100,371,16,7,61
1227,우롱차,100,0,0,0,0
1228,치커리차,100,369,7,0,85
1229,보이차,100,0,0,0,0
1230,민들레차,100,0,0,0,0
1231,카모마일차,100,1,0,0,0
1232,간장,100,34,6,0,2
1233,계피,100,343,4,1,81
1234,고춧가루,100,319,13,8,61
1235,깨소금,100,638,18,57,14
1236,된장,100,153,12,4,16
1237,산초,100,349,19,1,66
1238,올스파이스,100,275,24,3,54
1239,육두구,100,302,10,4,69
1240,정향,100,367,13,3,72
1241,칠리,100,363,9,1,80
1242,타임,100,364,6,6,75
1243,파프리카,100,520,6,38,48
1244,후추,100,386,11,11,63
1245,골든세이지,100,385,2,9,74
1246,라벤다,100,330,13,9,63
1247,로즈마리,100,331,5,15,64
1248,민트,100,294,18,6,56
1249,월계수,100,313,8,8,75
1250,코리아타임,100,378,1,6,79
1251,페퍼민트,100,70,4,1,15
1252,타라곤,100,295,23,7,50
1253,오레가노,100,265,9,4,69
1254,레몬그라스(시트로넬라),100,99,2,0,25
1255,사프란,100,310,11,6,65
1256,고로쇠나무,100,5,0,0,1
1257,대나무,100,2,0,0,0
1258,삼백초,100,286,10,3,66
1259,솔잎,100,161,4,4,33
1260,송화,100,340,17,9,63
1261,인삼,100,163,7,1,36
1262,프로폴리스,100,642,0,50,47
1263,거위고기,100,200,26,10,0
1264,"거위 부산물",100,133,16,4,6
1265,고래고기,100,137,25,3,0
1266,꿩고기,100,122,27,1,0
1267,닭고기,100,188,23,9,1
1268,"닭 부산물",100,145,18,7,1
1269,"닭 육수",100,12,1,1,0
1270,"돼지 부산물",100,180,17,11,0
1271,메추리고기,100,194,20,13,0
1272,멧돼지고기,100,220,20,15,0
1273,소고기,100,238,20,17,0
1274,"소 부산물",100,135,18,6,1
1275,양지국물,100,4,1,0,0
1276,우족국물,100,2,0,0,0
1277,잡뼈국물,100,28,4,1,0
1278,송아지고기,100,199,26,10,0
1279,"송아지 부산물",100,139,20,6,1
1280,양고기,100,205,19,15,0
1281,어린양고기,100,273,21,20,0
1282,"어린양 부산물",100,180,25,7,2
1283,염소고기,100,177,24,8,0
1284,오리고기,100,236,24,15,0
1285,자라고기,100,175,16,13,0
1286,칠면조고기,100,167,25,7,0
1287,토끼고기,100,168,26,6,0
1288,말고기,100,102,20,2,0
1289,거위알,100,190,13,14,1
1290,기러기알,100,203,13,14,3
1291,메추리알,100,177,13,12,1
1292,오리알,100,198,14,14,2
1293,청둥오리알,100,178,14,12,1
1294,가라지류,100,78,15,1,1
1295,가물치,100,94,18,1,1
1296,가시망둑,100,101,22,1,0
1297,가오리류,100,136,23,1,7
1298,가자미류,100,95,18,2,1
1299,갈치류,100,124,18,4,1
1300,감펭류,100,112,18,3,0
1301,강달이류,100,102,14,4,0
1302,강준치,100,90,19,1,0
1303,게르치류,100,124,20,4,0
1304,고등어류,100,201,20,13,1
1305,괴도라치,100,74,17,0,0
1306,군평선이,100,103,18,3,0
1307,기름종개,100,107,18,3,0
1308,기름종개류,100,128,16,6,0
1309,까나리,100,100,19,3,1
1310,꺽저기,100,92,20,1,0
1311,꼬치고기,100,117,24,2,0
1312,애꼬치,100,151,21,6,0
1313,꼼치류,100,104,14,1,0
1314,꽁치(과메기),100,421,32,30,1
1315,날치,100,102,16,1,4
1316,납지리,100,86,18,1,0
1317,넙치류,100,139,23,4,0
1318,노래미류,100,98,19,2,0
1319,놀래기류,100,99,19,2,0
1320,농어류,100,102,18,2,1
1321,누치,100,105,17,3,1
1322,눈볼대,100,170,19,9,2
1323,눈퉁멸,100,260,39,6,6
1324,능성어,100,93,19,1,0
1325,다랑어류,100,177,27,26,1
1326,달강어,100,106,20,2,0
1327,달고기류,100,93,20,1,0
1328,대구류,100,129,33,4,1
1329,대두어(흑연),100,96,18,2,0
1330,대수리,100,112,19,3,2
1331,도다리류,100,94,18,2,0
1332,도도바리류,100,95,19,1,0
1333,도루묵,100,213,30,7,0
1334,도화돔,100,130,21,4,0
1335,돔류,100,111,20,3,0
1336,동가리류,100,99,19,2,0
1337,동갈치,100,97,20,1,0
1338,동사리,100,81,17,1,0
1339,동자개(빠가사리),100,111,17,4,1
1340,종어,100,74,16,1,0
1341,둑중개,100,183,20,5,11
1342,드렁허리,100,92,18,2,0
1343,만새기,100,66,13,1,0
1344,망둑어류,100,147,21,1,10
1345,망상어류,100,111,20,3,0
1346,매퉁이류,100,101,21,1,0
1347,먹장어,100,129,17,6,0
1348,메기,100,127,17,4,0
1349,대멸,100,318,49,11,2
1350,멸치,100,150,17,6,6
1351,세멸,100,380,31,13,26
1352,소멸,100,287,49,8,1
1353,자멸,100,285,46,9,1
1354,중멸,100,287,47,8,3
1355,청멸,100,302,26,20,1
1356,동태,100,80,16,0,0
1357,명태,100,238,46,3,4
1358,북어,100,339,73,3,0
1359,모래무지,100,77,16,1,0
1360,몽치다래,100,159,24,6,0
1361,물메기,100,78,16,1,0
1362,물치다래,100,168,23,7,0
1363,민어,100,182,25,4,8
1364,민태,100,88,15,2,0
1365,바리류,100,118,20,4,0
1366,박대,100,117,22,1,1
1367,반지,100,128,20,4,0
1368,풀반지,100,132,17,6,1
1369,방어류,100,197,24,10,0
1370,백연,100,89,19,1,0
1371,밴댕이,100,225,31,9,0
1372,뱅어,100,291,49,8,1
1373,베도라치류,100,102,19,2,1
1374,베로치,100,86,20,0,0
1375,벤자리류,100,109,17,4,0
1376,병어,100,193,28,5,6
1377,덕대,100,160,24,5,3
1378,보구치,100,144,20,3,0
1379,보구치(26cm이상),100,106,19,3,0
1380,보구치(26cm미만),100,108,19,3,0
1381,보리멸류,100,101,20,1,0
1382,복류,100,107,22,1,2
1383,볼기우럭,100,129,19,5,0
1384,볼락류,100,108,20,2,0
1385,부세,100,105,17,3,0
1386,부시리,100,109,22,2,0
1387,붉은메기,100,80,18,0,0
1388,떡붕어,100,96,17,2,1
1389,붕어,100,133,18,2,7
1390,참붕어,100,118,16,5,0
1391,블루길,100,83,18,1,0
1392,빙어류,100,151,23,3,5
1393,빨강부치,100,71,16,0,0
1394,살살치,100,82,18,0,1
1395,삼세기,100,97,19,2,0
1396,삼치류,100,130,21,4,0
1397,상어류,100,133,22,4,0
1398,새다래,100,104,19,3,0
1399,서대류,100,92,20,1,0
1400,성대류,100,97,18,2,1
1401,송어류,100,173,24,7,1
1402,숭어류,100,151,21,6,0
1403,쌍동가리,100,101,21,1,0
1404,쌍뿔달재,100,75,17,0,0
1405,쏘가리,100,117,21,3,0
1406,쏨뱅이류,100,88,17,2,1
1407,쑤기미,100,84,18,0,1
1408,아귀류,100,125,14,3,1
1409,양미리,100,179,26,6,1
1410,양태류,100,83,18,0,0
1411,연어류,100,180,22,9,0
1412,열쌍동가리,100,86,18,1,0
1413,웅어,100,169,16,11,0
1414,은어,100,252,17,20,0
1415,임연수어,100,170,19,9,0
1416,잉어,100,156,19,8,0
1417,앨퉁이,100,162,19,9,0
1418,장갱이,100,90,19,1,0
1419,장어류,100,182,18,10,1
1420,전갱이류,100,140,22,4,1
1421,전갱이,100,167,20,9,0
1422,전어,100,135,19,6,0
1423,점줄우럭,100,114,21,2,0
1424,조기류,100,217,29,7,5
1425,준치,100,129,20,5,0
1426,쥐치류,100,185,23,1,8
1427,참마자,100,90,18,2,0
1428,청어,100,202,24,10,2
1429,초어,100,89,17,2,0
1430,통구멍류,100,79,18,0,0
1431,통치,100,138,20,6,0
1432,투라치,100,79,18,0,0
1433,틸라피아,100,124,23,3,0
1434,피라미,100,105,18,3,0
1435,학공치,100,228,38,2,9
1436,향어(이스라엘잉어),100,156,18,8,1
1437,홍어류,100,108,24,1,0
1438,홍치,100,93,19,1,0
1439,황어,100,95,18,2,0
1440,횟대류,100,137,22,3,0
1441,히메치,100,99,21,1,0
1442,가리비류,100,125,23,1,3
1443,가무락조개,100,77,14,1,3
1444,각시수랑,100,70,15,0,1
1445,개량조개,100,169,33,1,4
1446,개조개,100,82,13,1,6
1447,고둥류,100,117,18,2,5
1448,굴류,100,83,10,2,5
1449,꼬막류,100,136,16,3,13
1450,다슬기류,100,86,13,1,5
1451,동죽,100,69,12,2,1
1452,떡조개,100,83,12,1,6
1453,붉은맛(큰죽합),100,181,28,3,6
1454,바지락,100,150,21,2,9
1455,백합류,100,82,12,1,4
1456,대합류,100,116,18,2,6
1457,살조개,100,89,14,2,4
1458,새조개,100,147,26,2,3
1459,소라류,100,105,18,1,4
1460,수랑,100,86,16,1,3
1461,오분자기,100,95,13,2,5
1462,왕우럭조개,100,101,16,2,3
1463,왕우렁이,100,86,11,1,7
1464,우럭,100,99,16,2,3
1465,재첩,100,81,11,2,4
1466,전복류,100,107,16,2,5
1467,접시조개(비단조개),100,68,12,1,3
1468,진주조개,100,56,10,1,1
1469,키조개,100,94,14,2,5
1470,코끼리조개,100,103,13,1,9
1471,큰구슬우렁이(골뱅이),100,76,17,0,0
1472,큰논우렁이,100,71,10,1,5
1473,펄조개(뻘조개),100,82,12,2,3
1474,홍합류,100,101,14,2,5
1475,갑오징어류,100,124,25,1,1
1476,꼴뚜기류,100,127,21,3,3
1477,문어류,100,96,18,1,2
1478,오징어류,100,124,22,2,3
1479,가재류,100,86,16,1,1
1480,갯가재류,100,95,15,2,4
1481,게류,100,93,14,3,2
1482,새우류,100,149,22,3,6
1483,쏙류,100,85,15,1,4
1484,크릴류,100,103,14,4,1
1485,개불류,100,53,10,0,2
1486,갯강구,100,295,46,4,15
1487,군소류,100,51,9,1,1
1488,멍게류,100,55,6,1,3
1489,멍게(우렁쉥이),100,58,7,1,3
1490,미더덕류,100,45,6,1,2
1491,성게류,100,130,14,5,6
1492,해면류,100,30,5,0,1
1493,목해삼,100,36,4,1,1
1494,해삼,100,71,14,1,1
1495,청해삼,100,28,4,1,1
1496,홍해삼,100,33,4,1,2
1497,흑해삼,100,27,3,0,2
1498,해파리류,100,21,3,0,1
1499,모유,100,61,1,4,7
1500,산양유,100,62,3,4,4
1501,닭기름,100,900,0,100,0
1502,돼지기름,100,915,0,99,1
1503,쇠기름,100,869,0,100,0
1504,연어기름,100,902,0,100,0
1505,누에,100,482,51,27,10
1506,달팽이,100,90,16,1,2
1507,메뚜기,100,125,24,2,2
1508,번데기(누에),100,175,17,10,3
1509,치자꽃,100,66,1,0,15
1510,귀뚜라미,100,130,22,0,3
1511,"갈색 거저리",100,366,37,21,8
1512,"흰점박이 꽃무지",100,293,35,12,11
1513,장수풍뎅이,100,502,45,27,20
1514,로열젤리,100,104,14,1,13
1515,황소개구리,100,75,16,0,1
1516,소금,100,14,0,0,3
1517,팽창제,100,307,37,7,43
